Species,IUCN
Achillea aspleniifolia Vent.,CR
Achillea crithmifolia Waldst. et Kit.,DD
Achillea ochroleuca Ehrh.,CR
Achillea ptarmica L.,NT
Achillea setacea Waldst. et Kit.,DD
Aconitum anthora L.,NT
"Aconitum degenii Gáyer subsp. degenii (syn. A. paniculatumLam., nom. illeg.)",DD
Aconitum firmum Rchb. subsp. firmum,LC
Aconitum firmum subsp. maninense (Skalický) Starm.,DD
Aconitum firmum subsp. moravicum Skalický,LC
"Aconitum lasiocarpum (Rchb.) Gáyer subsp. kotulae (Pawl.)Starm. et Mitka",DD
Aconitum lasiocarpum subsp. lasiocarpum,VU
Aconitum moldavicum Hacq.,LC
Adenophora liliifolia (L.) Ledeb. ex A. DC.,VU
Adonis aestivalis L.,LC
Adonis flammea Jacq.,CR
Adonis vernalis L.,NT
Aegilops cylindrica Host,VU
Aethionema saxatile (L.) W. T. Aiton,EN
Agropyron pectinatum (M. Bieb.) P. Beauv.,NT
Agrostemma githago L.,CR
Agrostis vinealis Schreb.,DD
Aira caryophyllea L.,DD
Aira elegantissima Schur,DD
Ajuga pyramidalis L.,CR
Alcea biennis Winterl. (syn. Althaea pallida Willd.),NT
Aldrovanda vesiculosa L.,RE
Alisma gramineum Lej.,EN
Alkanna tinctoria (L.) Tausch,CR
Allium angulosum L.,NT
Allium atropurpureum Waldst. et Kit.,DD
Allium atroviolaceum Boiss.,NT
Allium carinatum L.,NT
Allium cirrhosum Vand.,RE
"Allium ericetorum Thore (syn. A. zahariadi  subsp. michalkoiMájovský)",CR
Allium paniculatum L. subsp. paniculatum,CR
Allium rotundum L.,NT
Allium schoenoprasum subsp. alpinum (DC.) Čelak.,LC
Allium sphaerocephalon L.,NT
Allium strictum Schrad.,CR
Althaea cannabina L.,EN
Althaea hirsuta L.,EN
Althaea taurinensis DC.,CR
Alyssum desertorum Stapf,EN
"Alyssum gmelinii Jord. et Fourr. (syn. A. montanum subsp.gmelinii (Jord. et Fourr.) Thell., A. montanum subsp. brymiiDostál)",LC
Alyssum tortuosum Waldst. et Kit. subsp. tortuosum,CR
Alyssum tortuosum subsp. heterophyllum Nyár.,EN
Amaranthus graecizans subsp. sylvestris (Vill.) Brenan,CR(PE)
Amelanchier ovalis Medik.,LC
"Anacamptis coriophora (L.) R. M. Bateman, Pridgeon et M.W. Chase (syn. Orchis coriophora L.)",EN
"Anacamptis morio (L.) R. M. Bateman, Pridgeon et M. W.Chase (syn. Orchis morio L.)",NT
"Anacamptis palustris (Jacq.) R. M. Bateman, Pridgeon et M.W. Chase  subsp. subsp. palustris (syn. Orchis palustris Jacq.)",CR
"Anacamptis palustris subsp. elegans (Heuff.) R. M. Bateman,Pridgeon et M. W. Chase (syn. Orchis elegans Heuff.)",EN
Anacamptis pyramidalis (L.) Rich.,VU
Anchusa barrelieri (All.) Vitman,RE
Anchusa italica Retz. (syn. A. azurea Mill.),EN
Andromeda polifolia L.,EN
Androsace elongata L.,NT
Androsace maxima L.,CR
Androsace obtusifolia All.,LC
Androsace septentrionalis L.,RE
Androsace villosa L.,EN
Anemone sylvestris L.,NT
"Antennaria carpatica (Wahlenb.) Bluff et Fingerh. subsp.carpatica",LC
Anthemis cotula L.,DD
Apera interrupta (L.) P. Beauv.,CR
Aphanes arvensis L.,EN
"Aphanes australis Rydb. (syn. A. microcarpa auct. non (Boiss.et Reut.) Rothm.)",RE
Apium repens (Jacq.) Lag.,VU
Aquilegia vulgaris L. subsp. vulgaris,LC
Aquilegia vulgaris subsp. nigricans (Baumg.) Domin,DD
"Arabidopsis halleri (L.) O’Kane et Al-Shehbaz subsp. halleri(syn. Cardaminopsis halleri (L.) Hayek subsp. halleri)",NT
"Arabidopsis neglecta (Schult.) O’Kane et Al-Shehbaz (syn.Cardaminopsis neglecta (Schult.) Hayek)",LC
Arabis hornungiana Schur,NT
Arabis nemorensis (Wolf ex Hoffm.) W. D. J. Koch,EN
Arabis nova Vill.,CR
Arabis pauciflora (Grimm) Garcke,EN
Arabis procurrens Waldst. et Kit.,RE
Arabis sudetica Tausch,NT
Archangelica officinalis Hoffm. subsp. officinalis,LC
"Arctostaphylos alpina (L.) Spreng. (syn. Arctous alpina (L.)Nied.)",VU
Arctostaphylos uva-ursi (L.) Spreng.,NT
Arenaria leptoclados (Rchb.) Guss.,NA
Arenaria tenella Kit.,LC
Armeria alpina Willd.,CR
Armeria vulgaris Willd. subsp. vulgaris,VU
"Armoracia macrocarpa (Waldst. et Kit. ex Willd.) Kit. exBaumg.",EN
Arnoseris minima (L.) Schweigg. et Körte,RE
Artemisia austriaca Jacq.,CR
Artemisia eriantha Ten.,LC
Artemisia pontica L.,NT
"Artemisia santonicum subsp. patens (Neilr.) K. M. Perss. (syn.A. s. subsp. monogyna Waldst. et Kit.) Dostál)",EN
Artemisia scoparia Waldst. et Kit.,NT
Asperula arvensis L.,RE
Asperula neilreichii Beck,EN
Asplenium adiantum-nigrum L.,NT
Asplenium adulterinum Milde,CR
"Asplenium ceterach L. subsp. ceterach (syn. Ceterachofficinarum Willd.)",RE
"Asplenium ceterach subsp. bivalens (D. E. Mey.) Greuter etBurdet (syn. Ceterach javorkeanum (Vida) Soó)",CR
Asplenium cuneifolium Viv.,CR
Asplenium lepidum C. Presl subsp. lepidum,NE
"Asplenium platyneuron (L.) Britton, Sterns & Poggenb.",CR
"Asplenium scolopendrium L. (syn. Phyllitis scolopendrium (L.)Newman)",LC
Aster alpinus subsp. glabratus (Herbich) Dostál,LC
Aster alpinus subsp. subvillosus (Schur) Dostál,DD
Aster scepusiensis Kit. ex Kanitz,LC
Astragalus alpinus L.,NT
Astragalus asper Wulfen ex Jacq.,CR
Astragalus australis (L.) Lam.,NT
Astragalus austriacus Jacq.,EN
Astragalus danicus Retz.,NT
Astragalus dasyanthus Pall.,RE
Astragalus exscapus L.,CR
Astragalus frigidus (L.) A. Gray subsp. frigidus,NT
Astragalus norvegicus Weber,NT
Astragalus penduliflorus Lam.,VU
"Astragalus vesicarius L. subsp. vesicarius (syn. A. v. subsp.albidus (Waldst. et Kit.) Braun-Blanq.)",EN
"Asyneuma canescens (Waldst. et Kit.) Griseb. et Schenk subsp.canescens (syn. A. c. subsp. salicifolium (Heuff.) Soó)",VU
Atriplex littoralis L.,EN
Atriplex rosea L.,DD
Avenula praeusta (Rchb.) Holub,LC
Avenula pratensis subsp. hirtifolia (Podp.) Holub,VU
Barbarea stricta Andrz.,LC
"Bassia laniflora (S. G. Gmel.) A. J. Scott (syn. Kochialaniflora (S. G. Gmel.) Borbás)",VU
"Bassia prostrata (L.) A. J. Scott (syn. Kochia prostrata (L.)Schrad.)",RE
Beckmannia eruciformis (L.) Host,EN
Bellardiochloa variegata (Lam.) Kerguélen,VU
Berula erecta (Huds.) Coville,LC
Betula nana L.,RE
Betula pendula var. obscura (Kotula ex Fiek ) Olšavská,LC
Bidens radiata Thuill.,NT
Bifora radians M. Bieb.,CR
"Blackstonia acuminata (W. D. J. Koch et Ziz) Domin (syn. B.perfoliata subsp. serotina (W. D. J. Koch ex Rchb.) Vollm.)",EN
Blechnum spicant (L.) Roth,NT
Bolboschoenus maritimus (L.) Palla,NT
Bolboschoenus yagara (Ohwi) Y. C. Yang et M. Zhan,CR
Bombycilaena erecta (L.) Smoljan.,CR
Botrychium matricariifolium (A. Braun ex Döll) W. D. J. Koch,CR
"Botrychium multifidum (S. S. Gmel.) Rupr. (syn. Sceptridiummultifidum (S. G. Gmel.) Tagawa)",CR
"Botrychium virginianum (L.) Sw. (syn. Botrypus virginianus(L.) Holub)",RE
Brassica elongata Ehrh. subsp. elongata,RE
Bromus arvensis L. subsp. arvensis,LC
Bromus commutatus Schrad. subsp. commutatus,LC
Bromus racemosus L.,DD
Bromus secalinus L. subsp. secalinus,EN
Bromus squarrosus L. subsp. squarrosus,LC
Bromus squarrosus subsp. danubialis Pénzes,DD
Buphthalmum salicifolium L.,NT
Bupleurum affine Sadler,LC
Bupleurum falcatum subsp. dilatatum Schur,DD
Bupleurum praealtum L.,EN
Bupleurum rotundifolium L.,EN
Bupleurum tenuissimum L.,VU
Butomus umbellatus L.,LC
Calamintha menthifolia Host,NT
Calla palustris L.,VU
Callianthemum coriandrifolium Rchb.,LC
Callitriche cophocarpa Sendtn.,LC
Callitriche hamulata W. D. J. Koch,VU
Callitriche palustris L.,LC
Camelina alyssum (Mill.) Thell. subsp. alyssum,RE
Camelina alyssum subsp. integerrima (Čelak.) Smejkal,RE
Camelina rumelica Velen.,CR
Camelina sativa (L.) Crantz subsp. sativa,CR
Camelina sativa subsp. zingeri (Mirek) Smejkal,RE
Campanula abietina Griseb.,NT
Campanula bononiensis L.,NT
"Campanula glomerata subsp. elliptica (Kit. ex Schult.)Kirschl.",LC
Campanula macrostachya Waldst. et Kit. ex Willd.,EN
Campanula rapunculus L.,EN
Campanula serrata (Kit.) Hendrych,NT
Campanula xylocarpa Kovanda,NT
Campanula xylorrhiza (O. Schwarz) Á. Löve et D. Löve,NA
Camphorosma annua Pall.,CR
Cardamine dentata Schult.,VU
Cardamine parviflora L.,EN
Carduus collinus Waldst. et Kit. subsp. collinus,NT
Carduus lobulatus Borbás,CR
Carex appropinquata Schum.,VU
Carex approximata Bell. ex All.,NT
Carex aterrima Hoppe,LC
Carex atrofusca Schkuhr,VU
"Carex bigelowii Torr. ex Schwein. subsp. dacica (Schur) T. V.Egorova (syn. C. b. subsp. rigida W. Schultze-Motel)",NT
Carex bohemica Schreb.,DD
Carex brevicollis DC.,VU
Carex buekii Wimm.,LC
Carex buxbaumii Wahlenb.,CR
Carex canescens L.,LC
Carex capillaris L. subsp. capillaris,NT
Carex cespitosa L.,NT
Carex chordorrhiza L. f.,CR
Carex davalliana Sm.,NT
Carex demissa Hornem. (syn. C.  tumidicarpa Andersson),NT
"Carex depressa subsp. transsilvanica (Schur) T. M. Egorova(syn. C. transsilvanica Schur)",NT
Carex diandra Schrank,VU
Carex dioica L. subsp. dioica,VU
Carex distans L.,NT
Carex disticha Huds.,NT
Carex divisa Huds.,EN
Carex ericetorum Pollich,VU
Carex flava L.,LC
Carex fritschii Waisb.,EN
Carex fuliginosa Schkuhr subsp. fuliginosa,LC
Carex halleriana Asso,CR
Carex hartmanii Cajander,NT
Carex hordeistichos Vill.,NT
Carex hostiana DC.,VU
Carex lachenalii Schkuhr,NT
Carex lasiocarpa Ehrh.,VU
Carex lepidocarpa Tausch,NT
Carex limosa L.,EN
Carex liparocarpos Gaudin subsp. liparicarpos,CR
Carex magellanica subsp. irrigua (Wahlenb.) Hiitonen,CR
Carex melanostachya M. Bieb. ex Willd.,NT
Carex paniculata L. subsp. paniculata,LC
Carex parviflora Host,VU
Carex pauciflora Lightf.,EN
Carex pulicaris L.,EN
Carex pyrenaica Wahlenb.,RE
"Carex rhizina Lindb. (syn. C. pediformis subsp. rhizodes(Blytt) H. Lindb.)",VU
Carex rupestris All.,NT
Carex secalina Willd. ex Wahlenb.,EN
Carex stenophylla Wahlenb.,NT
Carex strigosa Huds.,VU
Carex supina Willd. ex Wahlenb.,DD
Carex umbrosa Host,VU
Carex vaginata Tausch,CR
Carex viridula Michx. subsp. serotina (Mérat) Malyshev,NT
Carpesium cernuum L.,DD
Carthamus lanatus L.,CR
Catabrosa aquatica (L.) P. Beauv.,NT
Caucalis platycarpos L. subsp. platycarpos,NT
Caucalis platycarpos subsp. muricata (Čelak.) Holub,DD
Centaurea indurata Janka (syn. Jacea indurata (Janka) Soják),DD
"Centaurea solstitialis L. (syn. Calcitrapa solstitialis (L.) Lam.subsp. solstitialis)",CR
Centaurium erythraea Rafn subsp. erythraea,LC
Centaurium erythraea subsp. austriaca (Ronniger) Holub,NT
Centaurium littorale subsp. compressum (Hayne) Kirschner,EN
Centaurium pulchellum (Sw.) Druce,NT
Centunculus minimus L.,CR
Cephalanthera damasonium (Mill.) Druce,NT
Cephalanthera longifolia (L.) Fritsch,NT
Cephalanthera rubra (L.) Rich.,NT
Cephalaria transsylvanica (L.) Schrad. ex Roem. et Schult.,LC
Cerastium alpinum L.,CR(PE)
Cerastium eriophorum Kit.,NT
Cerastium latifolium L. (syn. C. carinthiacum auct. non Vest),VU
Cerastium subtetrandrum (Lange) Murb.,EN
Cerastium sylvaticum Waldst. et Kit.,NT
"Cerastium tatrae Borbás (syn. C. arvense subsp. glandulosum(Kit.) Soó)",NT
Cerastium tenoreanum Ser.,NT
Cerastium uniflorum Clairv.,VU
Ceratocephala falcata (L.) Pers.,RE
"Ceratocephala testiculata (Crantz) Besser (syn. C. orthocerasDC.)",CR
Ceratophyllum submersum L.,LC
Cerinthe glabra Mill.(syn. C. glabra subsp. tatrica Hadač),NT
"Chamaepitys chia subsp. glabra (C. Presl) Dostál (syn. Ajugachamaepitys subsp. ciliata (Briq.) Smejkal)",NT
Chamaepitys chia subsp. trifida (Dumort.) Kmeťová,NT
Chamorchis alpina (L.) Rich.,NT
Chenopodium chenopodioides (L.) Aellen,EN
Chenopodium foliosum Asch.,CR
Chenopodium murale L.,NT
Chenopodium urbicum L.,VU
Chenopodium vulvaria L.,NT
Chimaphila umbellata (L.) W. P. C. Barton,EN
"Chrysanthemum zawadzkii Herbich (syn. Dendranthemazawadzkii (Herbich) Tzvelev)",NT
Chrysopogon gryllus (L.) Trin.,VU
Cicuta virosa L.,VU
Cirsium brachycephalum Jur.,VU
Cirsium waldsteinii Rouy,VU
Cladium mariscus (L.) Pohl,EN
Cleistogenes serotina (L.) Keng,NT
Clematis alpina (L.) Mill.,LC
Clematis integrifolia L.,NT
Clematis recta L.,LC
Cnidium dubium (Schkuhr) Thell.,NT
Cochlearia pyrenaica DC.,CR
Cochlearia tatrae Borbás,LC
Colchicum arenarium Waldst. et Kit.,CR
Coleanthus subtilis (Tratt.) Seidl,RE
Colutea arborescens L. subsp. arborescens,NT
Colymbada alpestris (Hegetschw.) Rauschert,NT
Colymbada badensis (Tratt.) Dostál,DD
Colymbada sadleriana (Janka) Holub,NT
Comarum palustre L.,VU
Comastoma tenellum (Rottb.) Toyok.,NT
Conioselinum tataricum Hoffm.,NT
Conringia austriaca (Jacq.) Sweet,CR
Conringia orientalis (L.) Dumort.,CR
Consolida regalis subsp. paniculata (Host) Soó,NT
Convallaria majalis L.,LC
Convolvulus cantabrica L.,EN
Corallorhiza trifida Châtel.,LC
Corispermum nitidum Kit. ex Schult.,EN
"Cornus australis C. A. Mey. (syn. Swida australis (C. A.Mey.) Pojark.)",NT
Coronopus squamatus (Forssk.) Asch.,EN
Corrigiola littoralis L.,RE
Corydalis capnoides (L.) Pers.,VU
Cotinus coggygria Scop.,VU
Cotoneaster matrensis Domokos,DD
Crambe tataria Sebeók,EN
Crataegus lindmanii Hrabětová,EN
Crepis alpestris (Jacq.) Tausch,NT
Crepis conyzifolia (Gouan) A. Kern.,LC
Crepis pannonica (Jacq.) K. Koch,CR
Crepis praemorsa (L.) Walther,NT
Crepis pulchra L.,NT
Crepis sibirica L.,EN
Crocus discolor G. Reuss,LC
Crocus heuffelianus Herb.,DD
Crupina vulgaris Cass.,EN
Crypsis aculeata (L.) Aiton,CR
Cryptogramma crispa (L.) R. Br. ex Hook.,VU
Cuscuta epilinum Weihe ex Boenn.,RE
"Cuscuta lupuliformis Krock. (syn. Monogynella lupuliformis(Krock.) Hadač et Chrtek)",VU
Cyanus segetum Hill,LC
"C. purpurascens subsp. immaculatum (Hrabětová) Halda etSoják (syn. C. fatrense Halda et Soják)",NT
Cynoglosum germanicum Jacq.,NT
Cynoglossum hungaricum Simonk.,LC
Cyperus flavescens L. (syn. Pycreus flavescens (L.) Rchb.),CR
"Cyperus glomeratus L. (syn. Chlorocyperus glomeratus (L.)Palla)",CR
"Cyperus michelianus L. (syn. Dichostylis micheliana (L.)Nees)",EN
"Cyperus pannonicus Jacq. (syn. Acorellus pannonicus (Jacq.)Palla)",RE
Cypripedium calceolus L.,NT
Cystopteris alpina (Lam.) Desv.,NT
Cystopteris sudetica A. Braun et Milde,NT
"Cytisus procumbens (Waldst. et Kit. ex Willd.) Spreng. (syn.Corothamnus procumbens (Waldst. et Kit. ex Willd.) C. Presl)",NT
Dactylorhiza cruenta (O. F. Müll.) Soó,CR(PE)
Dactylorhiza ericetorum (E. F. Linton) Aver.,CR
Dactylorhiza fuchsii (Druce) Soó subsp. fuchsii,NT
Dactylorhiza fuchsii subsp. sooiana (Borsos) Borsos,NT
Dactylorhiza incarnata (L.) Soó subsp. incarnata,NT
Dactylorhiza incarnata subsp. haematodes (Rchb.) Soó,EN
Dactylorhiza incarnata subsp. pulchella (Druce) Soó,VU
Dactylorhiza lapponica (Laest. ex Hartm.) Soó,NT
Dactylorhiza maculata (L.) Soó subsp. maculata,EN
Dactylorhiza maculata subsp. elodes (Griseb.) Soó,CR
Dactylorhiza maculata subsp. schurii (Klinge) Soó,NA
Dactylorhiza maculata subsp. transsilvanica (Schur) Soó,CR
"Dactylorhiza majalis (Rchb.) P. F. Hunt et Summerh. subsp.majalis",NT
Dactylorhiza ochroleuca (Boll) Holub,CR
Dactylorhiza ruthei  (M. Schule ex Ruthe) Soó,CR
Dactylorhiza sambucina (L.) Soó,NT
"Dactylorhiza viridis (L.) R. M. Bateman, Pridgeon et M. W.Chase (syn. Coeloglossum viride (L.) Hartm.)",NT
Danthonia alpina Vest,NT
Daphne arbuscula Čelak.,VU
Daphne cneorum L.,VU
Delphinium oxysepalum Borbás et Pax,NT
Dianthus barbatus subsp. compactus (Kit.) Heuff.,VU
Dianthus collinus Waldst. et Kit. subsp. collinus,NT
Dianthus collinus subsp. glabriusculus (Kit.) Thaisz,EN
Dianthus glacialis Haenke,LC
Dianthus nitidus Waldst. et Kit.,NT
Dianthus praecox Willd. ex Spreng. subsp. praecox,LC
Dianthus praecox subsp. lumnitzeri (Wiesb.) Kmeťová,NT
Dianthus praecox subsp. pseudopraecox (Novák) Kmeťová,VU
Dianthus serotinus Waldst. et Kit.,VU
Dianthus superbus L. subsp. superbus,VU
Dianthus superbus subsp. alpestris Kablík. ex Čelak.,NT
"Dichodon cerastoides (L.) Rchb. (syn. Cerastium cerastoides(L.) Britton)",NT
"Dichodon viscidum (M. Bieb.) Holub (syn. Cerastium dubium(Bastard) Guépin)",NT
Dictamnus albus L.,NT
Diphasiastrum alpinum (L.) Holub,LC
Diphasiastrum complanatum (L.) Holub,VU
Diphasiastrum issleri (Rouy) Holub,RE
Doronicum hungaricum Rchb. f.,EN
Doronicum stiriacum (Vill.) Dalla Torre,LC
"Draba aizoides subsp. beckeri (A. Kern.) Hörandl etGutermann",EN
Draba dubia Suter,NT
Draba fladnizensis Wulfen,VU
Draba lasiocarpa Rochel subsp. lasiocarpa,NT
Draba lasiocarpa subsp. klasterskyi (Chrtek) Chrtek,VU
Draba muralis L.,VU
Draba nemorosa L.,LC
Draba pacheri Stur,RE
Draba siliquosa M. Bieb. (syn. D. carinthiaca Hoppe),EN
Draba tomentosa Clairv.,NT
Dracocephalum austriacum L.,EN
Drosera anglica Huds.,EN
Drosera rotundifolia L.,VU
Dryas octopetala L.,LC
Dryopteris affinis (Lowe) Fraser-Jenk.,DD
Dryopteris cristata (L.) A. Gray,EN
Dryopteris expansa (C. Presl) Fraser-Jenk. et Jermy,DD
Dryopteris pseudomas (Woll.) Holub et Pouzar,DD
Echinops exaltatus Schrad.,DD
Echinops ritro subsp. ruthenicus (M. Bieb.) Nyman,CR
Echium italicum L.,VU
Echium maculatum L.(syn. E. russicum J. F. Gmel.),VU
Elatine alsinastrum L.,NT
Elatine hexandra (Lapierre) DC.,DD
Elatine hungarica Moesz,CR
Elatine hydropiper L.,RE
Elatine orthosperma Düben,RE
Elatine triandra Schkuhr,RE
Eleocharis austriaca Hayek,DD
Eleocharis carniolica W. D. J. Koch,VU
Eleocharis mamillata H. Lindb.,DD
Eleocharis ovata (Roth) Roem. et Schult.,NT
Eleocharis quinqueflora (Hartmann) O. Schwarz,NT
Eleocharis uniglumis (Link) Schult.,NT
Empetrum nigrum L.,VU
Ephedra distachya L.,CR
Epilobium nutans F. W. Schmidt,VU
Epipactis albensis Nováková et Rydlo,NT
Epipactis atrorubens (Hoffm.) Besser subsp. atrorubens,LC
"Epipactis distans Arv.-Touv. (syn. E. helleborine subsp.orbicularis (Richter) Klein)",NT
"Epipactis exilis P. Delforge (syn. E. baumanniorum Ströhle, E.gracilis B. Baumann et H. Baumann)",EN
Epipactis futakii Mereďa et Potůček,EN
Epipactis greuteri H. Baumann et Künkele,EN
"Epipactis helleborine (L.) Crantz subsp. helleborine (syn. E. h.subsp. viridis Soó)",LC
Epipactis komoricensis Mereďa,NT
Epipactis leptochila (Godfery) Godfery,VU
Epipactis leutei Robatsch,EN
Epipactis microphylla (Ehrh.) Sw.,LC
Epipactis moravica Batoušek,DD
Epipactis muelleri Godfery,NT
Epipactis neglecta (Kümpel) Kümpel,VU
Epipactis nordeniorum Robatsch,DD
Epipactis palustris (L.) Crantz,NT
Epipactis placentina Bongiori et Grünager,EN
Epipactis pontica Taubenheim,LC
Epipactis pseudopurpurata Mereďa,VU
Epipactis purpurata Sm.,NT
Epipactis tallosii Molnár et Robatsch,NT
Epipactis voethii Robatsch,EN
Epipogium aphyllum Sw.,NT
Equisetum pratense Ehrh.,DD
Equisetum variegatum Schleich.,NT
Eragrostis pilosa (L.) P. Beauv.,LC
"Eremogone micradenia (Smirn.) Ikonn. (syn. Arenaria procerasubsp. glabra (Williams) Holub)",EN
Erigeron angulosus Gaudin,DD
Erigeron atticus Vill.,DD
"Erigeron hungaricus (Vierh.) Pawł. (syn. E. nanus Schur nonNutt., nom. illeg.; E. glabratus auct. non Hoppe et Hornsch. exBluff et Fingerh.)",LC
Erigeron muralis Lapeyr. (syn. E. serotinus Weihe),DD
Erigeron podolicus Besser,DD
Erigeron uniflorus L.,NT
Eriophorum gracile W. D. J. Koch ex Roth,CR
Eriophorum vaginatum L.,NT
Erodium ciconium (L.) L'Hér.,CR
Erophila spathulata Láng,DD
Eryngium planum L.,NT
Erysimum crepidifolium Rchb.,EN
Erysimum diffusum Ehrh.,LC
Erysimum marschalianum Andrz. ex M. Bieb.,NT
Erysimum pallidiflorum Szépl. ex Jáv.,EN
Erysimum repandum L.,NT
"Erysimum wahlenbergii (Asch. et Engl.) Borbás (syn. E.hungaricum auct. non Zapał.)",NT
Erythronium dens-canis L.,VU
Euclidium syriacum (L.) W. T. Aiton,CR(PE)
"Euphorbia angulata Jacq. (syn. Tithymalus angulatus (Jacq.)Raf.)",EN
"Euphorbia austriaca subsp. sojakii Chrtek et Křísa (syn.Tithymalus sojakii (Chrtek et Křísa) Holub)",EN
"Euphorbia ericetorum Zumagl. (syn. Tithymalus ericetorum(Zumagl.) Soják)",RE
"Euphorbia glareosa subsp. pannonica (Host) Kuzmanov (syn.Tithymalus glareosus subsp. pannonicus (Host) Chrtek etKřísa)",NT
"Euphorbia lucida Waldst. et Kit. (syn. Tithymalus lucidus(Waldst. et Kit.) Klotzsch et Garcke)",NT
"Euphorbia platyphylla subsp. literata (Jacq.) Holub (syn.Tithymalus platyphyllos subsp. literatus (Jacq.) Chrtek etKřísa)",VU
"Euphorbia seguieriana subsp. major (Neilr.) Domin (syn.Tithymalus seguierianus (Neck.) Prokh. subsp. seguerianus)",NT
"Euphorbia sequieriana subsp. minor (Sadler) Domin (syn.Tithymalus seguierianus subsp. minor (Sadler) Chrtek et Křísa)",EN
"Euphorbia stricta L. (syn. Tithymalus serrulatus (Thuill.)Holub)",NT
Euphorbia villosa Waldst. et Kit. (syn. Tithymalus villosus,DD
"Euphorbia waldsteinii (Soják) Radcl.-Sm. (syn. Tithymalustommasinianus (Bertol.) Soják)",LC
Euphrasia exaristata Smejkal,EN
Euphrasia micrantha Rchb.,EN
Euphrasia pectinata Ten.,CR
Euphrasia slovaca (Yeo) Holub subsp. slovaca,NT
Euphrasia slovaca subsp. pseudomontana (Klášt.) Dostál,EN
Euphrasia stipitata Smejkal,EN
Euphrasia tatrae Wettst.,LC
Ferula sadleriana Ledeb.,CR
Festuca aglochis Borbás,NA
Festuca alpina Suter subsp. alpina,EN
"Festuca psammophila subsp. dominii (Krajina) Šmarda (syn. F.dominii Krajina)",NT
Festuca saxatilis Schur,CR
Festuca vaginata Waldst. et Kit. ex Willd.,VU
Filago lutescens Jord. subsp. lutescens,DD
Filago minima (Sm.) Pers.(syn. Logfia minima (Sm.) Dumort.),NT
Filago vulgaris Lam.,EN
Fritillaria meleagris L.,VU
Fumana procumbens (Dunal) Gren. et Godr.,NT
"Gagea bohemica (Zauschn.) Schult. et Schult. f. subsp.bohemica",EN
Gagea bohemica subsp. saxatilis (Mert. et W. D. J. Koch),DD
Gentiana frigida Haenke,LC
Gentiana nivalis L.,NT
Gentiana pneumonanthe L.,NT
Gentiana punctata L.,NT
Gentianella amarella (L.) Börner subsp. amarella,LC
Gentianella amarella subsp. lingulata (C. Agardh) Holub,EN
Gentianella amarella subsp. reussii (Tocl) Holub,DD
Gentianella fatrae (Borbás) Holub,LC
Gentianella lutescens subsp. carpatica (Wettst.) Holub,NT
Gentianella lutescens subsp. tatrae (Ronniger) Holub,LC
Gentianopsis ciliata (L.) Ma,LC
Geranium bohemicum L.,EN
Geranium divaricatum Ehrh.,NT
Geranium lucidum L.,NT
Geranium molle L.,NT
Geranium rotundifolium L.,NT
"Geum reptans L. (syn. Novosieversia reptans (L.) E. I.Golubk.)",LC
Gladiolus imbricatus L.,LC
Gladiolus palustris Gaudin,CR
Glaucium corniculatum (L.) Rudolph,CR
Glaux maritima L.,EN
Globularia cordifolia L.,NT
"Gnaphalium hoppeanum W. D. J. Koch (syn. Omalothecahoppeana (W. D. J. Koch) Sch. Bip.)",EN
Goodyera repens (L.) R. Br.,NT
Gratiola officinalis L.,LC
Groenlandia densa (L.) Fourr.,EN
Gymnadenia conopsea (L.) R. Br.,LC
Gymnadenia densiflora (Wahlenb.) A. Dietr.,NT
Gymnadenia odoratissima (L.) Rich.,NT
"Gypsophila fastigiata subsp. arenaria (Waldst. et Kit. exWilld.) Domin",EN
Gypsophila paniculata L.,VU
Gypsophila repens L.,NT
Hackelia deflexa (Wahlenb.) Opiz,VU
Hedysarum hedysaroides (L.) Schinz et Thell.,LC
Heleochloa alopecuroides (Piller et Mitterp.) Host ex Roem.,VU
Heleochloa schoenoides (L.) Host ex Roem.,VU
"Helianthemum canum (L.) Baumg. (syn. Rhodax canus (L.)Fuss)",NT
Helianthemum nummularium (L.) Mill.,NT
"Helianthemum rupifragum A. Kern. (syn. Rhodax rupifragus(A. Kern.) Holub)",NT
Heliotropium europaeum L.,NT
Helleborus purpurascens Waldst. et Kit.,NT
Herminium monorchis (L.) R. Br.,CR
Herniaria hirsuta L.,VU
Herniaria incana Lam.,CR
Hesperis matronalis L. subsp. matronalis,DD
"Hesperis matronalis subsp. candida (Kit. ex Schultzer, Kanitzet Knapp) Thell. (syn. H. matronalis subsp. nivea (Baumg.)Kulcz.)",LC
Hesperis slovaca (F. Dvořák) F. Dvořák,VU
Hesperis tristis L.,NT
Hibiscus trionum L.,LC
Hieracium austrotatricum Szełąg,VU
Hieracium glanduliferum Hoppe,RE
Hieracium krizsnae Lengyel et Zahn,RE
Hieracium mlinicae (Hruby et Zahn) Chrtek f. et Mráz,VU
Hieracium piliferum Hoppe,VU
Hieracium silesiacum Krause,VU
Hieracium slovacum Chrtek jun.,VU
Hieracium vierhapperi (Zahn) Szeląg,VU
Hierochloe australis (Schrad.) Roem. et Schult.,RE
Hierochloe repens (Host) P. Beauv.,DD
Himantoglossum adriaticum H. Baumann,EN
Himantoglossum caprinum (M. Bieb.) Spreng.,CR
"Hippocrepis emerus (L.) Lassen subsp. emerus (syn. Coronillaemerus L. subsp. emerus)",CR
Hippuris vulgaris L.,EN
Hordeum geniculatum All.,CR
Hornungia petraea (L.) Rchb.,LC
Hottonia palustris L.,NT
Hydrocotyle vulgaris L.,VU
Hypericum carpaticum Mártonfi,DD
"Hypericum dubium Leers (syn. H. maculatum subsp.obtusiusculum (Tourlet) Hayek)",DD
Hypericum elegans Stephan ex Willd.,CR
Hypericum humifusum L.,NT
Hypochaeris glabra L.,RE
Illecebrum verticillatum L.,RE
Inula germanica L.,NT
Inula oculus-christi L.,NT
Inula salicina subsp. aspera (Poir. ex Lam.) Hayek,EN
Inula salicina subsp. sabuletorum (Czern. ex Lavrenko) Soják,CR
Iris aphylla subsp. hungarica (Waldst. et Kit.) Hegi,VU
Iris arenaria Waldst. et Kit.,CR
Iris graminea L. subsp. graminea,NT
Iris graminea subsp. pseudocyperus (Schur) Soó,NT
Iris pumila L. subsp. pumila,NT
Iris sibirica L.,NT
Iris spuria L. subsp. spuria,VU
Iris variegata L.,VU
Isatis campestris Steven ex DC. (syn. I. maeotica DC.),EN
Isatis praecox subsp. transsilvanica (Simonk.) Simonk.,VU
Isolepis setacea (L.) R. Br.,VU
Jasione montana L.,LC
Juncus acutiflorus Ehrh. ex Hoffm.,CR
Juncus alpinoarticulatus Chaix subsp. alpinoarticulatus,NT
Juncus atratus Krock.,VU
Juncus bulbosus L. subsp. bulbosus,NT
Juncus bulbosus subsp. kochii (F.W. Schultz) Reichg.,DD
Juncus capitatus Weigel,CR
Juncus castaneus Sm.,CR
Juncus filiformis L.,LC
Juncus gerardii Loisel. subsp. gerardii,VU
"Juncus ranarius Songeon et Perr. (syn. J. ambiguus auct. nonGuss.)",DD
Juncus sphaerocarpus Nees,VU
Juncus squarrosus L.,VU
Juncus subnodulosus Schrank,CR
Juncus thomasii Ten.,RE
Juncus triglumis L.,VU
Juniperus sabina L.,EN
Jurinea mollis subsp. macrocalathia (K. Koch) Soó,NA
Jurinea mollis subsp. mollis,NT
Kickxia elatine (L.) Dumort. subsp. elatine,LC
Kickxia spuria (L.) Dumort. subsp. spuria,LC
Knautia drymeia Heuff. subsp. drymeja,NT
"Kobresia myosuroides (Vill.) Fiori (syn. Elyna myosuroides(Vill.) Fritsch)",VU
Kobresia simpliciuscula (Wahlenb.) Mack.,VU
Koeleria glauca (Spreng.) DC.,NT
Koeleria tristis Domin,NT
Lactuca perennis L.,NT
Lactuca quercina L.,NT
Lactuca saligna L.,VU
"Lappula heteracantha subsp. heterocarpa (Klokov etArtemczuk) Holub",EN
Lapsana communis subsp. intermedia (M. Bieb.) Hayek,VU
Laser trilobum (L.) Borkh.,NT
Laserpitium archangelica Wulfen,LC
Laserpitium prutenicum L.,NT
Lastrea limbosperma (Bellardi ex All.) Holub et Pouzar,NT
Lathyrus aphaca L.,CR(PE)
Lathyrus hirsutus L.,NT
"Lathyrus lacteus (M. Bieb.) Wissjul. (syn. L. pannonicussubsp. collinus (Ortmann) Soó)",NT
Lathyrus laevigatus (Waldst. et Kit.) Gren.,VU
Lathyrus nissolia L. subsp. nissolia,NT
Lathyrus nissolia subsp. futakii Chrtková,CR
Lathyrus nissolia subsp. pubescens (Beck) Soják,LC
Lathyrus palustris L.,VU
Lathyrus pannonicus (Jacq.) Garcke,EN
Lathyrus pisiformis L.,CR
Lathyrus setifolius L.,RE
Lathyrus sphaericus Retz.,RE
Lathyrus transsilvanicus (Spreng.) Fritsch,VU
Lathyrus venetus (Mill.) Wohlf.,VU
Leersia oryzoides (L.) Sw.,LC
Legousia speculum-veneris (L.) Chaix,RE
Leontodon saxatilis Lam.,NT
Leontopodium alpinum Cass.,NT
Leonurus villosus Desf. ex D'Urv.,DD
Lepidium perfoliatum L.,VU
Leucanthemella serotina (L.) Tzvelev,VU
Leucanthemopsis alpina subsp. tatrae (Vierh.) Holub,LC
Leucanthemum margaritae (Gáyer ex Jáv.) Zelený,LC
Leucojum aestivum L.,NT
Leucojum vernum subsp. carpaticum (Spring) O. Schwarz,NT
"Ligularia carpatica (Schott) Pojark. (syn. L. glauca auct. non(L.) A. Hoffm.)",EN
Ligularia sibirica (L.) Cass.,VU
Lilium bulbiferum L. subsp. bulbiferum,NT
Lilium martagon L.,LC
Limodorum abortivum (L.) Sw.,NT
"Limonium gmelinii (Willd.) Kuntze (syn. L. gmelinii subsp.hungaricum (Klokov) Soó)",CR
Limosella aquatica L.,LC
Linaria alpina (L.) Mill.,CR
Linaria arvensis (L.) Desf.,RE
Linaria pallidiflora (Lam.) Valdés,VU
Lindernia procumbens (Krock.) Borbás,VU
Linnaea borealis L.,EN
Linum austriacum L. subsp. austriacum,LC
Linum flavum L.,NT
Linum hirsutum L. subsp. hirsutum,NT
Linum hirsutum subsp. glabrescens (Rochel) Soó,EN
Linum perenne L.,DD
Linum trigynum L.,CR
Liparis loeselii (L.) Rich.,CR
Listera cordata (L.) R. Br.,NT
Listera ovata (L.) R. Br.,LC
Loiseleuria procumbens (L.) Desv.,EN
Lolium remotum Schrank,RE
Lolium temulentum L. subsp. temulentum,CR
Lonicera alpigena L.,VU
Lotus borbasii Ujhelyi,NT
Lotus uliginosus Schkuhr,VU
Ludwigia palustris (L.) Elliott,RE
Lychnis coronaria (L.) Desr.,LC
Lycopodiella inundata (L.) Holub,CR
Lycopodium annotinum L.,LC
Lycopodium clavatum L.,LC
Lycopus exaltatus Ehrh.,LC
"Lysimachia thyrsiflora L. (syn. Naumburgia thyrsiflora (L.)Rchb.)",EN
Lythrum hyssopifolia L.,LC
Lythrum tribracteatum Salzm. ex Spreng.,CR
"Malaxis monophyllos (L.) Sw. (syn. Microstylis monophyllos(L.) Lindl.)",NT
Marrubium peregrinum L.,LC
Marrubium vulgare L.,NT
Marsilea quadrifolia L.,EN
Matteuccia struthiopteris (L.) Tod.,NT
Medicago monspeliaca (L.) Trautv.,VU
Medicago prostrata Jacq.,VU
Medicago rigidula (L.) All.,CR
Melampyrum barbatum Waldst. et Kit. ex Willd.,NT
"Melampyrum bohemicum A. Kern. (syn. M. subalpinum (Jur.)A. Kern.)",EN
Melampyrum cristatum L.,NT
Melampyrum herbichii Woł.,VU
Melica altissima L.,CR
Melilotus altissimus Thuill.,DD
Melilotus macrorrhizus (Waldst. et Kit.) Pers.,VU
Menyanthes trifoliata L.,NT
Minuartia frutescens (Kit. ex Schult.) Tuzson ex Degen,VU
Minuartia glaucina Dvořáková,NT
Minuartia glomerata (M. Bieb.) Degen subsp. pannonica Letz,EN
Minuartia langii (G. Reuss) Holub,LC
"Minuartia pauciflora (Kit. ex Kanitz) Dvořáková (syn. M.gerardii auct. carpat. non Willd.)",LC
Minuartia setacea (Thuill.) Hayek,NT
Minuartia viscosa (Schreb.) Schinz et Thell.,RE
Misopates orontium (L.) Raf.,NT
Moenchia mantica (L.) Bartl. subsp. mantica,RE
Molinia caerulea (L.) Moench,NT
Moneses uniflora (L.) A. Gray,LC
Monotropa hypophegea Wallr.,NT
Montia arvensis Wallr.,CR
Montia fontana L.,CR
Montia hallii (A. Gray) Greene,DD
Muscari neglectum Guss. ex Ten.,DD
Muscari tenuiflorum Tausch,DD
Myagrum perfoliatum L.,CR(PE)
Myosotis caespitosa Schultz,EN
Myosotis decumbens Host,DD
Myosotis discolor Pers. subsp. discolor,VU
Myosotis stenophylla Knaf,VU
Myosurus minimus L.,NT
Myricaria germanica (L.) Desv.,VU
Myriophyllum verticillatum L.,NT
Najas minor All.,VU
Nasturtium officinale L.,EN
"Neotinea tridentata (Scop.) R. M. Bateman, Pridgeon et M. W.Chase (syn. Orchis tridentata Scop.)",NT
"Neotinea ustulata (L.) R. M. Bateman, Pridgeon et M. W.",EN
"Neotinea ustulata subsp. aestivalis (Kümpel) Jacquet etScappat. (syn. Orchis ustulata subsp. aestivalis (Kümpel)Kümpel et Mrkvicka)",NT
Nepeta pannonica L.,NT
Nigella arvensis L.,NT
Nuphar lutea (L.) Sm.,VU
Nymphaea alba L.,VU
Nymphoides peltata (S. G. Gmel.) Kuntze,EN
Odontites vernus (Bellardi) Dumort.,VU
Oenanthe banatica Heuff.,VU
Oenanthe silaifolia M. Bieb. subsp. silaifolia,VU
Oenanthe silaifolia subsp. hungarica (Simon) Bertová,VU
Oenanthe stenoloba Schur,CR(PE)
Onobrychis arenaria (Kit.) DC. subsp. arenaria,NT
Onobrychis montana DC.,VU
Ononis pusilla L.,CR
Ononis repens L.,DD
Onosma arenaria Waldst. et Kit.,CR
Onosma pseudoarenaria subsp. tuberculata (Kit.) Rauschert,EN
Onosma viridis (Borbás) Jáv. (syn. O. tornensis Jáv.),CR
Onosma visianii Clementi,VU
Ophioglossum vulgatum L.,NT
Ophrys apifera Huds.,VU
Ophrys holoserica (Burm. f.) Greuter,CR
Ophrys holubyana András.,VU
Ophrys insectifera L.,NT
Ophrys sphegodes Mill.,CR
Orchis mascula subsp. signifera (Vest) Soó,NT
Orchis militaris L.,NT
Orchis pallens L.,NT
Orchis purpurea Huds.,NT
Orchis spitzelii W. D. J. Koch,EN
Orlaya grandiflora (L.) Hoffm.,NT
Ornithogalum boucheanum (Kunth) Asch.,LC
Ornithogalum brevistylum Wolfner,NT
Ornithogalum kochii Parl.,DD
Ornithogalum comosum Torn.,RE
Ornithogalum divergens Boreau,NT
"Ornithogalum pyrenaicum subsp. sphaerocarpum (A. Kern.)Hegi (syn. O. sphaerocarpum A. Kern.)",CR
Orobanche alsatica Kirschl. (syn. O. bartlingii Griseb.),VU
Orobanche artemisiae-campestris Vaucher ex Gaudin,CR
Orobanche coerulescens Stephan,CR
Orobanche elatior Sutton,CR
Orobanche gracilis Sm.,VU
Orobanche kochii F.W. Schultz,NT
Orobanche lutea Baumg.,NT
Orobanche mayeri (Suess. et Ronniger) Bertsch,VU
Orobanche picridis F. W. Schultz,VU
Orobanche teucrii Holandre,EN
Ostericum palustre (Besser) Besser,CR
Oxytropis campestris DC. subsp. tatrae (Borbás) Dostál,VU
Oxytropis carpatica Uechtr.,NT
Oxytropis halleri Bunge ex W. D. J. Koch subsp. halleri,NT
Oxytropis pilosa (L.) DC. var. hungarica Borbás,EN
Papaver argemone L.,EN
Papaver confine Jord.,EN
Papaver dubium L. subsp. dubium,EN
"Papaver maculosum subsp. austromoravicum (Kubát) Kubát(syn. P. dubium subsp. austromoravicum (Kubát) Hörandl)",NT
Papaver tatricum (A. Nyár.) Ehrend. subsp. tatricum,NT
Papaver tatricum subsp. fatraemagnae Bernátová,EN
Pedicularis comosa L. subsp. comosa,CR
Pedicularis hacquetii Graf,NT
Pedicularis oederi Vahl,LC
Pedicularis palustris L. subsp. palustris,NT
Pedicularis sceptrum-carolinum L.,EN
Pedicularis sylvatica L. subsp. sylvatica,VU
Petrocallis pyrenaica (L.) W. T. Aiton,VU
Petrorhagia saxifraga (L.) Link,LC
Peucedanum arenarium Waldst. et Kit.,CR
Peucedanum carvifolia Vill.,NT
Peucedanum officinale L.,CR
Peucedanum palustre (L.) Moench,NT
Phelipanche arenaria (Borkh.) Pomel,VU
Phelipanche caesia (Rchb.) Soják,DD
Phelipanche purpurea (Jacq.) Soják,NT
Phelipanche ramosa (L.) Pomel,NT
"Phleboanthe laxmannii (L.) Tausch (syn. Ajuga laxmannii (L.)Benth.)",RE
Phlomis tuberosa L.,NT
Pholiurus pannonicus (Host) Trin.,EN
Pilosella cymosa (L.) F. W. Schultz et Sch. Bip.,DD
Pilosella echioides (Lumn.) F. W. Schultz et Sch. Bip.,VU
Pilosella guthnickiana (Hegetschw.) Soják,VU
"P. leucopsilon (Arv.-Touv.) Gottschl. (syn. Pilosellamacrantha auct non. (Ten.) F. W. Schultz et Sch. Bip.)",DD
Pilosella onegensis (Norrl.) Norrl.,DD
Pilosella rothiana (Wallr.) F. W. Schultz et Sch. Bip.,DD
Pinguicula alpina L.,LC
Pinguicula vulgaris L.,NT
Pinus cembra L.,LC
Plantago altissima L.,EN
"Plantago arenaria Waldst. et Kit. (syn. Psyllium arenarium(Waldst. et Kit.) Mirb.)",NT
Plantago atrata subsp. carpatica (Soó) Soó,NT
Plantago major subsp. winteri (Wirtg. ex Geisenh.) W. Ludw.,DD
Plantago maritima subsp. salsa (Pall.) Soják,VU
Plantago tenuiflora Waldst. et Kit.,EN
Plantago uliginosa subsp. leptostachya (Wallr.) Tacik,NT
Platanthera bifolia subsp. latiflora (Drejer) Loejtnant,LC
Platanthera chlorantha (Cust.) Rchb.,NT
Poa granitica Braun-Blanq.,LC
Poa laxa Haenke,LC
Poa margilicola Bernátová et Májovský,EN
Poa nobilis Skalińska,DD
"Poa sejuncta Bernátová, Májovský et Obuch",VU
Podospermum canum C. A. Mey.,NT
Podospermum laciniatum (L.) DC.,CR(PE)
Polycarpon tetraphyllum (L.) L.,EN
Polycnemum arvense L.,VU
Polycnemum heuffelii Láng,CR(PE)
Polycnemum majus A. Braun,NT
Polycnemum verrucosum Láng,NE
Polygala amarella subsp. austriaca (Crantz) Jáv.,NT
Polygonum arenarium Waldst. et Kit. subsp. arenarium,EN
Polygonum bellardii All.,NE
Polygonum graminifolium Wierzb. ex Heuff.,DD
Polygonum patulum M. Bieb.,DD
Polypodium interjectum Shivas,EN
Polystichum braunii (Spenn.) Fée,DD
Potamogeton acutifolius Link,VU
Potamogeton alpinus Balb.,CR
Potamogeton berchtoldii Fieber,LC
Potamogeton compressus L.,RE
Potamogeton gramineus L.,EN
Potamogeton lucens,LC
Potamogeton nodosus Poir.,NT
Potamogeton obtusifolius Mert. et W. D. J. Koch,CR
Potamogeton perfoliatus L.,NT
Potamogeton trichoides Cham. et Schltdl.,NT
Potentilla anglica Laichard.,NT
Potentilla clusiana Jacq.,CR(PE)
Potentilla micrantha Ramond ex DC.,EN
Potentilla patula Waldst. et Kit. subsp. patula,EN
Potentilla pedata Willd. ex Nestl.,EN
Potentilla rupestris L.,NT
Potentilla sterilis (L.) Garcke,CR(PE)
Potentilla tommasiniana F. W. Schultz,NT
Primula auricula subsp. hungarica (Borbás) Soó,LC
Primula farinosa L. subsp. farinosa,VU
Primula halleri subsp. platyphylla O. Schwarz,VU
Primula minima L.,LC
"Pritzelago alpina subsp. dubia (Pawł.) Soják (syn. Hutchinsiaalpina subsp. brevicaulis auct. non (Spreng.) Arcang.)",VU
Prunus fruticosa Pall. (syn. Cerasus fruticosa Pall.),NT
"Prunus padus var. petraea (Tausch) Fiek (syn. P. padus subsp.petraea (Tausch) Pawł. ex Holub.)",NT
Prunus tenella Batsch (syn. Amygdalus nana L.),EN
"Pseudognaphalium luteoalbum (L.) Hilliard et B. L. Burtt (syn.Gnaphalium luteoalbum L.)",CR
Pseudolysimachion incanum subsp. pallens (Host) Trávníček,VU
"Pseudolysimachion maritimum (L.) Á. Löve et D. Löve (syn.P. longifolium (L.) Opiz)",NT
Pseudolysimachion orchideum (Crantz) Wraber,NT
Pseudolysimachion spicatum subsp. fischeri Trávníček,VU
"Pseudolysimachion spurium subsp. foliosum (Waldst. et Kit.)Holub",RE
Pseudorchis albida (L.) Á. Löve et D. Löve,NT
Puccinellia limosa (Schur) Holmb.,DD
Pulegium vulgare Mill.,LC
Pulicaria dysenterica (L.) Bernh. subsp. dysenterica,NT
Pulicaria vulgaris Gaertn.,LC
Pulmonaria angustifolia L.,EN
Pulsatilla grandis Wender.,NT
Pulsatilla patens (L.) Mill.,VU
"Pulsatilla pratensis subsp. bohemica Skalický (syn. P. p.subsp. nigricans auct. non (Störck) Zamelis et Paegle)",NT
"Pulsatilla pratensis subsp. flavescens (Hazsl.) Holub (syn. P.hungarica Soó)",CR
Pulsatilla slavica G. Reuss,NT
Pulsatilla subslavica Futák ex Goliašová,NT
Pulsatilla vernalis (L.) Mill.,EN
Pulsatilla zimmermannii Soó,CR
Pyrola carpatica Holub et Křísa,NT
Pyrola chlorantha Sw.,NT
Pyrola media Sw.,NT
Pyrus nivalis Jacq.,DD
Quercus frainetto Ten.,VU
Quercus pedunculiflora K. Koch,NT
Radiola linoides Roth,CR
Ranunculus alpestris L.,LC
Ranunculus altitatrensis Paclová et Murín,VU
"Ranunculus aquatilis L. (syn. Batrachium aquatile (L.)Dumort.)",NT
Ranunculus arvensis L.,NT
"Ranunculus baudotii Godr. (syn. Batrachium baudotii (Godr.)F. W. Schultz)",VU
Ranunculus carpaticus Herbich,EN
"Ranunculus fluitans Lam. (syn. Batrachium fluitans (Lam.)Wimm.)",DD
Ranunculus glacialis L.,LC
Ranunculus illyricus L.,NT
Ranunculus lateriflorus DC.,VU
Ranunculus lingua L.,VU
Ranunculus millefoliatus Vahl,RE
Ranunculus pedatus Waldst. et Kit.,CR
"Ranunculus peltatus Schrank (syn. Batrachium peltatum(Schrank) J. Presl; B. rhipiphyllum (Bastard ex Boreau)Dumort.)",DD
"Ranunculus penicillatus (Dumort.) Bab. (syn. Batrachiumpenicillatum Dumort.)",DD
Ranunculus polyphyllus Waldst. et Kit. ex Willd.,DD
Ranunculus pseudomontanus Schur,LC
Ranunculus pygmaeus Wahlenb.,EN
Ranunculus reptans L.,CR
"Ranunculus rionii Lagger (syn. Batrachium rionii (Lagger)Nyman)",VU
Ranunculus thora L.,NT
Reseda phyteuma L.,EN
Rhamnus saxatilis Jacq. subsp. saxatilis,EN
Rhinanthus borbasii (Dörfl.) Soó,CR
Rhinanthus rumelicus Velen.,NT
Rhinanthus wagneri Degen,DD
Rhodiola rosea L.,LC
Rhododendron tomentosum Harmaja (syn. Ledum palustre L.),EN
Rhynchospora alba (L.) Vahl,CR
Rorippa pyrenaica (All.) Rchb.,VU
Rosa arvensis Huds.,VU
Rosa glauca Pourr.,EN
Rosa micrantha Borrer ex Sm.,NT
Rumex palustris Sm.,LC
Rumex stenophyllus Ledeb.,NT
Ruscus hypoglossum L.,EN
Sagina apetala Ard. subsp. apetala,CR
"Sagina apetala Ard. subsp. erecta (syn. S. micropetalaRauschert)",DD
Sagina nodosa (L.) Fenzl,VU
Sagina subulata (Sw.) C. Presl,EN
Sagittaria sagittifolia L.,LC
Salix alpina Scop.,LC
Salix hastata L.,LC
Salix helvetica Vill.,LC
Salix herbacea L.,LC
Salix kitaibeliana Willd.,VU
Salix myrtilloides L.,CR
Salix phylicifolia L.,NT
Salix reticulata L.,LC
Salix retusa L.,LC
"Salix rosmarinifolia L. (syn. S. repens subsp. angustifolia(Wulfen) Neumann)",NT
Salix starkeana Willd.,EN
Salvia aethiopis L.,NT
Salvia austriaca Jacq.,NT
Salvinia natans (L.) All.,LC
Samolus valerandi L.,RE
Saussurea alpina L.,NT
Saussurea discolor (Willd.) DC.,NT
Saussurea pygmaea (Jacq.) Spreng.,NT
Saxifraga adscendens L. subsp. adscendens,NT
Saxifraga androsacea L.,LC
Saxifraga bryoides L.,LC
Saxifraga caesia L.,LC
Saxifraga carpatica Sternb.,LC
Saxifraga cernua L.,VU
Saxifraga granulata L. subsp. granulata,NT
Saxifraga hieraciifolia Waldst. et Kit. ex Willd.,LC
Saxifraga moschata subsp. dominii Soó,LC
Saxifraga moschata subsp. kotulae Pawłowska,LC
Saxifraga mutata L.,VU
Saxifraga oppositifolia L. subsp. oppositifolia,LC
Saxifraga retusa Gouan subsp. retusa,LC
Saxifraga rotundifolia L. subsp. rotundifolia,LC
Saxifraga wahlenbergii Ball,LC
Scabiosa canescens Waldst. et Kit.,NT
Scabiosa triandra L.,NT
Scandix pecten-veneris L. subsp. pecten-veneris,CR
Scheuchzeria palustris L.,EN
Schoenoplectus mucronatus (L.) Palla,RE
Schoenoplectus pungens (Vahl.) Palla,DD
Schoenoplectus supinus (L.) Palla,VU
Schoenoplectus tabernaemontani (C. C. Gmel.) Palla,NT
Schoenoplectus triqueter (L.) Palla,CR
Schoenus ferrugineus L.,EN
Schoenus nigricans L.,CR
"Scilla bifolia subsp. buekkensis (Speta) Soó (syn. S. drunensissubsp. buekkensis (Speta) Kereszty, nom. inval.)",LC
Scilla bifolia subsp. spetana (Kereszty) Trávníček,DD
Scirpoides holoschoenus (L.) Soják,NT
Scirpus radicans Schkuhr,EN
Scleranthus perennis L. subsp. perennis,EN
Scleranthus polycarpos L.,NT
Scleranthus verticillatus Tausch,VU
Scopolia carniolica Jacq.,NT
Scorzonera austriaca Willd. subsp. austriaca,NT
Scorzonera hispanica L. subsp. hispanica,NT
Scorzonera humilis L.,NT
Scorzonera parviflora Jacq.,CR
Scorzonera purpurea L.,NT
Scorzonera rosea Waldst. et Kit.,CR
Scrophularia umbrosa Dumort. subsp. umbrosa,NT
Scrophularia umbrosa subsp. neesii (Wirtg.) E. Mey.,NT
Scrophularia vernalis L.,NT
Scutellaria altissima L.,EN
Scutellaria hastifolia L.,NT
Sedum annuum L.,VU
"Selaginella helvetica (L.) Spring. (syn. Lycopodioideshelveticum (L.) Kuntze",NT
Sempervivum carpathicum subsp. heterophyllum (Hazsl.) Letz,VU
"Sempervivum matricum Letz (syn. S. marmoreum auct. nonGriseb.)",VU
Senecio abrotanifolius subsp. carpathicus (Herbich) Nyman,LC
Senecio doria L.,NT
Senecio erucifolius L.,NT
Senecio incanus subsp. carniolicus (Willd.) Braun-Blanq.,LC
Senecio paludosus L. subsp. paludosus,CR
Senecio paludosus subsp. angustifolius Holub,EN
Senecio paludosus subsp. lanatus Holub,RE
Senecio rupestris Waldst. et Kit.,RE
Senecio sarracenicus L.,NT
Senecio ucrianicus Hodálová,NT
Senecio umbrosus Waldst. et Kit.,LC
Serratula lycopifolia (Vill.) A. Kern.,CR
Seseli hippomarathrum Jacq.,NT
Seseli pallasii Besser,EN
Sesleria heufleriana Schur subsp. heufleriana,NT
Sesleria heufleriana subsp. hungarica (Ujhelyi) Deyl,DD
Sesleria sadleriana Janka,CR
"Sesleria uliginosa Opiz ex Bercht. et Seidl. (syn. S. caeruleaauct. non (L.) Ard.)",VU
Sibbaldia procumbens L.,CR
Silaum silaus (L.) Schinz et Thell.,NT
Silene acaulis subsp. exscapa (All.) J. Braun,LC
Silene acaulis subsp. longiscapa (A. Kern. ex Vierh.) Hayek,LC
Silene borysthenica (Gruner) Walters,EN
Silene bupleuroides L. subsp. bupleuroides,EN
Silene conica L. subsp. conica,NT
Silene cretica L.,RE
Silene dichotoma Ehrh.,LC
"Silene donetzica Kleopov (syn. S. donetzica subsp. sillingeri(Hendrych) Šourková)",NT
Silene gallica L.,CR
Silene multiflora (Ehrh.) Pers.,EN
Silene nutans subsp. dubia (Herbich) Zapał.,CR
Silene otites (L.) Wibel subsp. otites,NT
Silene otites subsp. hungarica Wrigley,NT
Silene viridiflora L.,NT
Silene viscosa L.,EN
Sisymbrium austriacum Jacq. subsp. austriacum,VU
Smyrnium perfoliatum L.,NT
Solanum villosum Mill. (syn. S. luteum Mill.),NT
Soldanella carpatica Vierh.,LC
Soldanella hungarica Simonk. subsp. hungarica,LC
Soldanella hungarica subsp. major (Neilr.) Pawłowska,LC
Soldanella pseudomontana F. K. Mey.,CR
Sonchus arvensis subsp. uliginosus (M. Bieb.) Nyman,DD
Sonchus palustris L.,NT
Sorbus amici-petri Mikoláš,EN
Sorbus atrimontis Bernátová et Májovský,EN
Sorbus caeruleomontana Bernátová et Májovský,CR
Sorbus chamaemespilus (L.) Crantz,NT
Sorbus diversicolor Bernátová et Májovský,VU
Sorbus dolomiticola Mikoláš,EN
Sorbus graeca (Spach) Lodd. ex S. Schauer,CR
Sorbus haljamovae Bernátová et Májovský,VU
Sorbus hazslinszkyana (Soó) Májovský,VU
Sorbus margittaiana (Jáv.) Kárpáti,VU
Sorbus montisalpae Bernátová et Májovský,VU
Sorbus pekarovae Májovský et Bernátová,EN
Sorbus salatini Bernátová et Májovský,CR
Sorbus scepusiensis Kovanda,CR
Sorbus zuzanae Bernátová et Májovský,VU
Sparganium angustifolium F. Michx.,EN
Sparganium natans L.,EN
"Spergula maxima Weihe et Boenn. (syn. S. arvensis subsp.maxima (Weihe) O. Schwarz)",RE
Spergula morisonii Boreau,VU
Spergula pentandra L.,CR
Spergularia media (L.) C. Presl,CR
Spergularia salina J. Presl et C. Presl,EN
Spiraea crenata L.,CR(PE)
Spiraea media F. Schmidt subsp. media,LC
Spiranthes aestivalis (Poir.) Rich.,RE
Spiranthes spiralis (L.) Chevall.,CR
Stellaria longifolia Mühlenb. ex Willd.,EN
Stellaria palustris Ehrh. ex Hoffm.,VU
Sternbergia colchiciflora Waldst. et Kit.,CR
Stipa borysthenica Klokov ex Prokudin subsp. borysthenica,EN
Stipa crassiculmis subsp. euroanatolica Martinovský,CR
Stipa dasyphylla (Czern. ex Lindem.) Trautv.,NT
Stipa eriocaulis Borbás,VU
Stipa pennata L. (syn. S. joannis Čelak.),NT
Stipa pulcherrima K. Koch,NT
Stipa smirnovii Martinovský,RE
Stipa tirsa Stev. subsp. tirsa,NT
Stratiotes aloides L.,NT
Streptopus amplexifolius (L.) DC.,LC
Succisella inflexa (Kluk) Beck,EN
Symphytum angustifolium A. Kern.,LC
Symphytum bohemicum F. W. Schmidt,VU
Symphytum tanaicense Stev.,NT
Syrenia cana (Piller et Mitterp.) Neilr.,CR
Taraxacum bessarabicum (Hornem.) Hand.-Mazz.,EN
Taraxacum erythrocarpum Kirschner et Štěpánek,EN
Taraxacum serotinum (Waldst. et Kit.) Fisch.,EN
Teesdalia nudicaulis (L.) W. T. Aiton,VU
"Tephroseris aurantiaca (Hoppe ex Willd.) Griseb. et Schenk(syn. Senecio aurantiacus (Hoppe ex Willd.) Less.)",NT
"Tephroseris capitata (Wahlenb.) Griseb. (syn. Seneciocapitatus (Wahlenb.) Steud.",NT
"Tephroseris integrifolia (L.) Holub (syn. Senecio integrifolius(L.) Clairv.)",NT
"Tephroseris longifolia subsp. moravica Holub (syn. Senecioovirensis auct. non W. D. J. Koch p. p.)",EN
"Tephroseris papposa (Rchb.) Schur subsp. papposa (syn.Senecio papposus (Rchb.) Less. subsp. papposus)",EN
Tetragonolobus maritimus (L.) Roth,NT
Teucrium montanum subsp. jailae (Juz.) Soó,NT
Teucrium montanum subsp. pannonicum (A. Kern.) Domin,NT
Teucrium scordium L.,NT
Teucrium scorodonia L. subsp. scorodonia,NT
Thalictrum flavum L.,VU
Thalictrum foetidum L.,DD
Thalictrum lucidum L.,LC
Thalictrum simplex L. subsp. simplex,NT
Thalictrum simplex subsp. galioides (DC.) Korsh.,VU
Thelypteris palustris Schott,NT
Thesium dollineri Murb.,VU
Thesium ebracteatum Hayne ex Schrader,RE
Thesium pyrenaicum Pourr.,RE
"Thesium ramosum Hayne (syn. T. arvense Horv., nom. illeg.)",DD
Thlaspi alliaceum L.,RE
Thlaspi caerulescens J. Presl et C. Presl subsp. caerulescens,DD
Thlaspi caerulescens subsp. tatrense (Zapał.) Dvořáková,LC
Thlaspi jankae A. Kern.,VU
Thlaspi montanum L.,VU
Thymelaea passerina (L.) Coss. et Germ.,LC
Thymus alternans Klokov,NT
"Thymus pulegioides subsp. carniolicus (Borbás) P. Schmidt(syn. Th. froelichianus Opiz)",CR
Tillaea aquatica L.,CR
Tilia platyphyllos subsp. sitnensis (Kmeť) Domin,DD
Tofieldia pusilla (F. Michx.) Pers.,VU
Tordylium maximum L.,VU
Torilis arvensis (Huds.) Link subsp. arvensis,NT
Tozzia carpathica Woł.,NT
Tragopogon floccosus Waldst. et Kit.,RE
Tragus racemosus (L.) All.,NT
Trapa natans L.,LC
Traunsteinera globosa (L.) Rchb. f.,NT
Tribulus terrestris L. subsp. orientalis (A. Kern.) Dostál,NT
Trichophorum alpinum (L.) Pers.,EN
"Trichophorum cespitosum (L.) Hartm. subsp. cespitosum (syn.T. cespitosum subsp. austriacum (Palla) Hegi)",EN
Trichophorum pumilum (Vahl) Schinz et Thell.,EN
Trientalis europaea L.,NT
Trifolium angulatum Waldst. et Kit.,CR
Trifolium diffusum Ehrh.,CR(PE)
"Trifolium fragiferum subsp. bonannii (J. Presl et C. Presl)Soják",NT
Trifolium orbelicum subsp. monticolum (Domin) Májovský,NT
Trifolium pratense subsp. kotulae (Pawł.) Soják,NT
Trifolium retusum L.,CR
Trifolium romanicum Brândză (syn. T. lupinaster auct. non L.),CR(PE)
Trifolium striatum L.,VU
Trifolium strictum L.,CR
Triglochin maritima L.,VU
Triglochin palustris L.,NT
Trinia glauca (L.) Dumort. subsp. glauca,NT
Trinia ucrainica Schischk.,EN
"Tripolium pannonicum (Jacq.) Dobrocz. (syn. Aster tripoliumsubsp. pannonicum (Jacq.) Soó",EN
Trollius altissimus Crantz,NT
Turgenia latifolia (L.) Hoffm.,VU
Typha minima Funck,RE
Typha shuttleworthii W. D. J. Koch et Sond.,CR
Urtica kioviensis Rogow.,EN
Utricularia australis R. Br.,LC
Utricularia bremii Heer ex Kölliker,CR
Utricularia intermedia Hayne,RE
Utricularia minor L.,EN
Utricularia vulgaris L.,NT
"Vaccaria hispanica (Mill.) Rauschert subsp. hispanica (syn. V.h. subsp. grandiflora (Fisch. ex Ser.) Holub)",CR
"Vaccinium microcarpum (Turcz. ex Rupr.) Schmal. (syn.Oxycoccus microcarpus Turcz. ex Rupr.)",CR
Vaccinium oxycoccos L. (syn. Oxycoccus palustris Pers.),NT
Vaccinium uliginosum L. subsp. uliginosum,VU
Valeriana dioica L.,NT
Valeriana simplicifolia (Rchb.) Kabath.,LC
Valerianella coronata (L.) DC.,EN
Valerianella dentata subsp. eriosperma (Wallr.) Holub,NT
Valerianella pumila (L.) DC.,CR(PE)
Ventenata dubia (Leers) Coss.,NT
Veratrum album L. subsp. album,VU
Verbascum speciosum Schrad. subsp. speciosum,NT
Veronica acinifolia L.,RE
Veronica agrestis L.,CR
Veronica anagalloides Guss.,VU
Veronica catenata Pennell,VU
Veronica jacquinii Baumg.,CR
Veronica opaca Fr.,CR(PE)
Veronica scardica Griseb.,CR(PE)
Veronica scutellata L.,NT
Veronica triloba (Opiz) Opiz,VU
Veronica triphyllos L.,NT
Veronica urticifolia Jacq.,VU
Vicia incana Gouan,DD
"Vicia lathyroides subsp. olbiensis (Reut. et Shuttlew.) Borza etNyár.",DD
Vicia pisiformis L.,NT
Vicia sparsiflora Ten.,VU
Vicia striata M. Bieb.,NT
Vinca herbacea Waldst. et Kit.,VU
Viola alba Besser subsp. alba,NT
Viola alpina Jacq.,VU
Viola ambigua Waldst. et Kit.,EN
Viola dacica Borbás,VU
Viola elatior Fr.,EN
Viola epipsila Ledeb.,CR
Viola kitaibeliana Schult.,LC
Viola lutea subsp. sudetica (Willd.) Nyman,LC
Viola palustris L.,NT
Viola pumila Chaix,EN
Viola rupestris F. W. Schmidt subsp. rupestris,NT
Viola stagnina Kit. ex Schult.,VU
Viola tricolor subsp. curtisii (E. Forst.) Syme,EN
"Viola tricolor subsp. saxatilis (F. W. Schmidt) Arcang. (syn. V.t. subsp. subalpina auct. non Gaudin)",NT
Vitis sylvestris C. C. Gmel.,VU
Vulpia bromoides (L.) Gray,RE
Waldsteinia geoides Willd.,LC
Waldsteinia teppneri Májovský,CR
Waldsteinia ternata subsp. magicii Májovský,EN
Wolffia arrhiza (L.) Horkel ex Wimm.,VU
Woodsia alpina (Bolton) Gray,VU
Woodsia ilvensis (L.) R. Br.,VU
Xanthium strumarium L.,DD
Xeranthemum annuum L.,NT
"Xeranthemum cylindraceum Sm. (syn. Xeroloma cylindracea(Sm.) Holub)",VU
